<?xml version="1.0" encoding="UTF-8"?>
<formations>
    <formation>
        <code>TC-GI-ICSI</code>
        <titre>Génie Informatique venant de TC</titre>
        <creditsNeeded CS="40" TM="20" TSH="15"/>
        <formationNeeded>GI</formationNeeded>
        <formationNeeded>TC</formationNeeded>
        <uvNeeded>NF28</uvNeeded>
        <uvNeeded>LO17</uvNeeded>
        <creditsNeededInUVSet CS="10" TM="5" TSH="2">
            <uv>IA04</uv>
            <uv>NF26</uv>
        </creditsNeededInUVSet>
    </formation>
	<formation>
        <code>TC-GI-SRI</code>
        <titre>Génie Informatique Système et Réseaux Informatique - Venant de TC</titre>
        <creditsNeeded CS="40" TM="20" TSH="15"/>
        <formationNeeded>GI</formationNeeded>
        <formationNeeded>TC</formationNeeded>
        <uvNeeded>NF28</uvNeeded>
        <uvNeeded>LO17</uvNeeded>
        <creditsNeededInUVSet CS="10" TM="5" TSH="2">
            <uv>SR04</uv>
            <uv>SR05</uv>
        </creditsNeededInUVSet>
    </formation>
	<formation>
        <code>GI-ADEL</code>
        <titre>Génie Informatique - Aide à la décision en logistique</titre>
        <creditsNeeded CS="40" TM="20" TSH="15"/>
        <formationNeeded>GI</formationNeeded>
        <uvNeeded>NF28</uvNeeded>
        <uvNeeded>LO17</uvNeeded>
        <creditsNeededInUVSet CS="10" TM="5" TSH="2">
            <uv>MP03</uv>
            <uv>RO06</uv>
        </creditsNeededInUVSet>
    </formation>
</formations>
